{
  "persona_id": "doctor_empathetic_v1",
  "domain": "medical",
  "corpus_size": 112165,
  "style_metrics": {
    "avg_sentence_length": 11.715931120994412,
    "empathy_score": 0.11486650847040367,
    "question_rate": 0.01122134793020869,
    "formality_score": 0.2376,
    "lexical_diversity": 0.03841746424220636,
    "hedging_rate": 1.0,
    "avg_response_length": 102.3623
  },
  "centroid": [
    0.028481319546699524,
    -0.032047249376773834,
    0.016303615644574165,
    0.027488162741065025,
    -0.01882687211036682,
    -0.0276896134018898,
    0.0032974339555948973,
    0.05817617475986481,
    -0.007027961779385805,
    -0.03209422528743744,
    -0.018197668716311455,
    0.0042826030403375626,
    0.007148004602640867,
    0.03248441219329834,
    -0.009361219592392445,
    -0.003655644366517663,
    0.010863433592021465,
    -0.03496349975466728,
    -0.00664941594004631,
    0.0007152755279093981,
    -0.02299107424914837,
    0.039053209125995636,
    -0.012192861177027225,
    0.0016595213674008846,
    -0.018042273819446564,
    0.014825141057372093,
    0.013371950015425682,
    -0.008600768633186817,
    0.013512391597032547,
    -0.009408374316990376,
    0.008959184400737286,
    -0.0018979981541633606,
    -0.016035614535212517,
    -0.006705824751406908,
    0.013598620891571045,
    0.015701495110988617,
    -0.047043148428201675,
    0.00531924469396472,
    -0.006253625266253948,
    0.0017923380946740508,
    0.006284150294959545,
    0.006567389704287052,
    -0.01671922579407692,
    -0.02810433693230152,
    0.016833562403917313,
    0.01961490325629711,
    -0.02821483090519905,
    0.022914189845323563,
    0.020655473694205284,
    0.03651143237948418,
    -0.012674666941165924,
    -0.03001028671860695,
    0.02421414665877819,
    0.014606444165110588,
    -0.011721313931047916,
    -0.030525827780365944,
    -0.03394144028425217,
    -0.0238148495554924,
    0.005312269553542137,
    -0.029784630984067917,
    -0.052208393812179565,
    -0.0024828866589814425,
    0.024766238406300545,
    -0.0196421816945076,
    -0.016523435711860657,
    0.007711699232459068,
    0.009213721379637718,
    -0.03661855310201645,
    0.04300856962800026,
    0.04109400883316994,
    0.050225768238306046,
    -0.017816191539168358,
    0.01804252713918686,
    0.01579929143190384,
    -0.0012204921804368496,
    -0.011883199214935303,
    0.018147598952054977,
    -0.03589380532503128,
    0.019206250086426735,
    0.023787006735801697,
    0.006837822031229734,
    0.041877515614032745,
    -0.019203826785087585,
    0.015793191269040108,
    -0.01644148863852024,
    0.0006651600124314427,
    0.0229684729129076,
    0.007674123160541058,
    -0.05017085745930672,
    -0.005966525059193373,
    0.0476902574300766,
    0.0031020138412714005,
    0.0031919123139232397,
    0.012390204705297947,
    0.04137632995843887,
    -0.008767169900238514,
    -0.011477642692625523,
    -0.024768931791186333,
    -0.042574163526296616,
    -0.007722257636487484,
    -0.0226223636418581,
    -0.024632636457681656,
    0.004569933284074068,
    0.02234608680009842,
    0.0046103582717478275,
    0.01670573465526104,
    -0.00037056778091937304,
    -0.03509870544075966,
    -0.022384637966752052,
    -0.006063196342438459,
    0.011377574875950813,
    0.020407434552907944,
    0.0016016566660255194,
    -0.01174954418092966,
    -0.02178066037595272,
    0.030246200039982796,
    0.019720295444130898,
    0.0011000278173014522,
    -0.01698612980544567,
    0.012929178774356842,
    -0.028863215819001198,
    -0.02607237547636032,
    -0.005544097162783146,
    -0.020001260563731194,
    0.01767689175903797,
    -0.0023811243008822203,
    0.0032272832468152046,
    2.4302324492533517e-33,
    0.014694935642182827,
    -0.01617644727230072,
    0.007105538621544838,
    -0.003658577334135771,
    -0.006469315383583307,
    0.05057904124259949,
    0.013798387721180916,
    0.0012681554071605206,
    0.019899722188711166,
    -0.04708689823746681,
    0.012944849207997322,
    -0.010866936296224594,
    0.031785205006599426,
    -0.018854469060897827,
    -0.06585138291120529,
    0.002639368176460266,
    0.03620528429746628,
    0.0032932658214122057,
    -0.008360646665096283,
    0.010714713484048843,
    0.0029505372513085604,
    -0.004394679330289364,
    -0.011343680322170258,
    0.008943095803260803,
    -0.01985870487987995,
    0.019190162420272827,
    -0.0011015668278560042,
    -0.005316815804690123,
    -0.0057023209519684315,
    -0.00753541337326169,
    -0.007558210287243128,
    0.004117257427424192,
    0.0023070755414664745,
    -0.03424255922436714,
    -0.04895683005452156,
    0.010509886778891087,
    0.02227921225130558,
    0.04100240767002106,
    -0.016318874433636665,
    -0.011129076592624187,
    -0.0038177950773388147,
    0.01877444051206112,
    -0.014117126353085041,
    0.023552749305963516,
    0.012275127694010735,
    -0.01993955485522747,
    -0.02719373255968094,
    -0.015076114796102047,
    -0.02350146882236004,
    0.005532667972147465,
    -0.007140324916690588,
    0.0018025994068011642,
    0.016918368637561798,
    -0.01953258365392685,
    -0.0019821643363684416,
    -0.015577556565403938,
    -0.005990236531943083,
    -0.009054010733962059,
    0.01089099794626236,
    0.031221089884638786,
    0.044976867735385895,
    -0.024189384654164314,
    -0.012547344900667667,
    0.008281777612864971,
    -0.01684514619410038,
    -0.0282541885972023,
    -0.02523878589272499,
    -0.0252004973590374,
    -0.019744738936424255,
    -0.0018650522688403726,
    -0.014025566168129444,
    9.544096974423155e-05,
    0.05250388756394386,
    0.023295370861887932,
    -0.0071469442918896675,
    0.013253239914774895,
    -0.02721458673477173,
    -0.0002306101960130036,
    -0.032092440873384476,
    -0.021053500473499298,
    -0.016661498695611954,
    0.0007380948518402874,
    0.04708000645041466,
    0.030084559693932533,
    0.020307445898652077,
    -0.0090269660577178,
    -0.045026153326034546,
    0.010100962594151497,
    -0.020299255847930908,
    0.016781136393547058,
    0.01636296510696411,
    0.013127436861395836,
    -0.018888574093580246,
    0.03799242526292801,
    -0.001289652893319726,
    -4.242065973213899e-33,
    0.006493053399026394,
    0.032182373106479645,
    0.014199845492839813,
    -0.014289476908743382,
    0.009698186069726944,
    0.004351046867668629,
    -0.006303498987108469,
    0.05023894086480141,
    -0.022286612540483475,
    -0.02770940028131008,
    0.027943767607212067,
    -0.0036632311530411243,
    -0.02730727568268776,
    -0.011568942107260227,
    -0.021377617493271828,
    0.05250369384884834,
    0.016765691339969635,
    0.004269501194357872,
    -0.017447862774133682,
    0.02647884376347065,
    -0.03222939744591713,
    0.014790667220950127,
    0.02031092345714569,
    -0.02260539121925831,
    0.03524063900113106,
    0.024347687140107155,
    0.015675706788897514,
    -0.031143678352236748,
    -0.01371874287724495,
    0.014615780673921108,
    0.006418888922780752,
    0.007359115406870842,
    0.013061915524303913,
    -0.016247648745775223,
    0.0027416155207902193,
    -0.008092978037893772,
    -0.0033546292688697577,
    -0.04113684222102165,
    -0.004648200236260891,
    -0.019406525418162346,
    0.000720736279617995,
    -0.006249492522329092,
    0.038119129836559296,
    0.003378440160304308,
    0.01744775101542473,
    0.00425697211176157,
    -0.005643388256430626,
    -0.012514982372522354,
    0.016400588676333427,
    0.0385100431740284,
    0.006296981126070023,
    0.001894226181320846,
    0.008762513287365437,
    0.032721031457185745,
    0.015347174368798733,
    -0.019248588010668755,
    -0.032424263656139374,
    -0.03175760805606842,
    -0.034195784479379654,
    0.0023958662059158087,
    -0.008167273364961147,
    -0.0013925196835771203,
    -0.028790228068828583,
    -0.02191470004618168,
