{
  "persona_id": "teacher_supportive_v1",
  "domain": "education",
  "corpus_size": 128575,
  "style_metrics": {
    "avg_sentence_length": 14.875430777835916,
    "empathy_score": 0.028214074750787903,
    "question_rate": 0.069519874420367,
    "formality_score": 0.0954,
    "lexical_diversity": 0.14616284914458888,
    "hedging_rate": 0.3136,
    "avg_response_length": 81.7677
  },
  "centroid": [
    -0.009069591760635376,
    0.013856823556125164,
    -0.005309798754751682,
    -0.010192778892815113,
    -0.017002230510115623,
    0.003137164283543825,
    0.029237834736704826,
    0.019678115844726562,
    -0.0025772727094590664,
    0.00016841776960063726,
    0.0238263551145792,
    -0.010973066091537476,
    0.0016285635065287352,
    0.0014794113812968135,
    0.008536412380635738,
    -0.009229372255504131,
    -0.008972680196166039,
    0.013987385667860508,
    -0.0168642345815897,
    0.00656246580183506,
    0.023180583491921425,
    -0.0181428212672472,
    0.0017590217757970095,
    0.01861555501818657,
    -0.025563029572367668,
    0.0009031801018863916,
    -0.003274857997894287,
    -0.0016458126483485103,
    -0.00588984927162528,
    -0.02029183693230152,
    -0.00950007326900959,
    0.0183713436126709,
    0.029754159972071648,
    -0.006634651683270931,
    -0.0030214751604944468,
    0.012801887467503548,
    0.009325687773525715,
    -0.01923336647450924,
    -0.007733444683253765,
    0.02055763453245163,
    -0.03607479855418205,
    -0.012591887265443802,
    -0.019300734624266624,
    -0.007723938673734665,
    0.0007210365147329867,
    -0.008717427961528301,
    -0.01668466441333294,
    0.007846711203455925,
    -0.006737671792507172,
    -0.012087383307516575,
    -0.038932789117097855,
    -0.00859813578426838,
    -0.016121238470077515,
    0.0017124825390055776,
    0.0036449097096920013,
    -0.01640249229967594,
    -0.008999016135931015,
    -0.007596303708851337,
    0.0060141244903206825,
    -0.005177301820367575,
    -0.0006031644879840314,
    0.0003713035839609802,
    -0.00975496880710125,
    0.009027267806231976,
    0.007375200744718313,
    -0.008172571659088135,
    0.0038387116510421038,
    -0.002294500358402729,
    -0.01729009859263897,
    0.02080032415688038,
    0.012940268963575363,
    -0.010255859233438969,
    -0.010106226429343224,
    0.006465884391218424,
    -0.022655081003904343,
    -0.004859686363488436,
    0.004436437506228685,
    -0.0074437400326132774,
    -0.012463489547371864,
    -0.018334265798330307,
    0.003911945037543774,
    0.002365949098020792,
    -0.00852381531149149,
    -0.0009207110269926488,
    -0.0064617544412612915,
    0.0018566619837656617,
    -0.0038823361974209547,
    0.01449932437390089,
    0.008489208295941353,
    0.003668838879093528,
    -0.0019740303978323936,
    0.012038913555443287,
    -0.008058534935116768,
    -0.007368807215243578,
    -0.0007512124138884246,
    0.004521699156612158,
    0.003797337645664811,
    -0.02452152594923973,
    0.0070535000413656235,
    0.009732569567859173,
    0.02172970399260521,
    0.00041575569775886834,
    0.01156818401068449,
    0.0019499814370647073,
    -0.020041493698954582,
    -0.0055121625773608685,
    -0.007174230646342039,
    -0.015786873176693916,
    0.008213999681174755,
    0.008284786716103554,
    -0.028547126799821854,
    -0.027978604659438133,
    -0.015944704413414,
    -0.020865406841039658,
    -0.0009110228857025504,
    0.0022970824502408504,
    -0.0001650713529670611,
    -0.014070282690227032,
    0.008365792222321033,
    -0.0009252707823179662,
    0.025097666308283806,
    -0.004219713620841503,
    -0.0033134794794023037,
    -0.002982932608574629,
    0.003251589834690094,
    -0.016331417486071587,
    0.0103664705529809,
    3.234772007024819e-33,
    -0.006127964239567518,
    -0.008664371445775032,
    -0.002330818446353078,
    0.01589927077293396,
    -0.0012536660069599748,
    0.002009180374443531,
    -0.020506763830780983,
    0.0009965267963707447,
    -0.011798836290836334,
    0.004624752327799797,
    -0.02267628163099289,
    0.02022503688931465,
    -0.0070298113860189915,
    0.00854321289807558,
    0.02319738082587719,
    0.002129030879586935,
    0.004397929180413485,
    -0.003309965133666992,
    0.021387306973338127,
    0.00893979612737894,
    -0.0015588597161695361,
    0.006803198717534542,
    0.0026222846936434507,
    0.005961304064840078,
    0.008915401063859463,
    0.010692581534385681,
    0.0006311332690529525,
    -0.024544501677155495,
    -0.007362079340964556,
    0.011177410371601582,
    0.007817857898771763,
    -0.005232084076851606,
    -0.0189676396548748,
    -0.009261280298233032,
    -0.006958289537578821,
    -0.011086627840995789,
    0.002760163275524974,
    0.008657782338559628,
    0.00011557962716324255,
    -0.002121691359207034,
    -0.0009453747770749032,
    -0.0032123150303959846,
    -0.0008978539844974875,
    -0.0028382157906889915,
    0.019934365525841713,
    0.00942923128604889,
    0.01506820973008871,
    0.00018732421449385583,
    0.012221050448715687,
    0.0027737386990338564,
    -0.02370617538690567,
    0.0018976656720042229,
    -0.011551044881343842,
    -0.013139077462255955,
    0.012706030160188675,
    0.0075920517556369305,
    -0.01766849309206009,
    0.011050219647586346,
    -0.013059171847999096,
    -0.007118794601410627,
    0.0034188907593488693,
    -0.0019816008862107992,
    0.0053898426704108715,
    -0.005234535317867994,
    -0.005646267905831337,
    -0.008611779659986496,
    -0.0030167996883392334,
    -0.000209909412660636,
    0.03523959219455719,
    0.012418831698596478,
    -0.035920895636081696,
    -0.006124802865087986,
    0.0005977748078294098,
    0.013230499811470509,
    -0.010185103863477707,
    0.00045859464444220066,
    -0.00866448599845171,
    -0.005100879818201065,
    -0.010308952070772648,
    0.011809919960796833,
    -0.028835689648985863,
    -0.004066264722496271,
    0.004715816117823124,
    0.0009336005314253271,
    0.017150700092315674,
    0.016924632713198662,
    0.017515478655695915,
    -0.0071427286602556705,
    -0.0032447860576212406,
    0.02267017588019371,
    -0.028880726546049118,
    0.004054213874042034,
    0.013605321757495403,
    -0.009482358582317829,
    -0.00903853215277195,
    -5.412134315581188e-33,
    -0.0018314167391508818,
    0.0063035208731889725,
    -0.01863021031022072,
    0.021978475153446198,
    -0.0028253879863768816,
    0.005720806773751974,
    -0.01023792289197445,
    0.01072846818715334,
    -0.008980452083051205,
    -0.008845875039696693,
    -0.022106271237134933,
    -0.02787865325808525,
    0.02444394677877426,
    -0.01159728318452835,
    -0.008634055964648724,
    0.015439458191394806,
    -0.0015897344565019011,
    0.00012483402679208666,
    -0.03194818273186684,
    -0.00590919703245163,
    -0.021330345422029495,
    0.01331291627138853,
    -0.011275708675384521,
    -0.008829503320157528,
    -0.0036825104616582394,
    0.0012996193254366517,
    0.013362416066229343,
    -0.00877968780696392,
    -0.023482827469706535,
    0.0054657007567584515,
    0.012313243933022022,
    -0.010738419368863106,
    -0.008174451999366283,
    0.02063453011214733,
    -0.005358339753001928,
    0.008998150937259197,
    0.03142616152763367,
    -0.006489767227321863,
    -0.014904201962053776,
    0.01887505315244198,
    0.011157271452248096,
    0.016363665461540222,
    0.013180341571569443,
    -0.004273741506040096,
    -0.0013815108686685562,
    -0.0008213333785533905,
    -0.021952159702777863,
    -0.022044142708182335,
    -0.012507600709795952,
    -0.012865561991930008,
    0.030107902362942696,
    -0.008795764297246933,
    -0.013857977464795113,
    -0.026715867221355438,
    0.015894848853349686,
    -0.012122778221964836,
    0.0005096712266094983,
    -0.019799474626779556,
    -0.009157577529549599,
    0.005123480223119259,
    0.0031705633737146854,
